TR - 79/190 C,A. Niemeyer,Aliado,Cortesano,Naturaleza
DGO-140-200,Abigail Williams,Aliado,Vasallo,Héroe
PI - 184/240,Abraham Blauvelt,Aliado,Vasallo,Héroe
BA - 12/260,Aetius,Aliado,Real,Héroe
159,Agammenon,Aliado,Vasallo,Héroe
KEL-107-200,Aífe,Aliado,Cortesano,Héroe
151,Ajáx,Aliado,Vasallo,Héroe
IM - 196/238,Ájax,Aliado,Vasallo,Héroe
TI2-43-60,Alan-a-Dale,Aliado,Cortesano,Héroe
TR - 11/190 R,Alberto I,Aliado,Real,Divinidad
CO - 7/128,Alejandro Magno,Aliado,Real,Héroe
22,Alejandro Magno,Aliado,Real,Héroe
IV - 193/240,Alejandro y Antigono de Esparta,Aliado,Vasallo,Héroe
PI - 111/240,Alexander Exquemelin,Aliado,Cortesano,Héroe
SPK-03-71,Allan Quatermain,Aliado,Real,Héroe
TEM-079-128,Alyosha Popovich,Aliado,Cortesano,Héroe
CID-016-215,Amadis de Gaula,Aliado,Mega Real,Héroe
CR-117,Amanirenas,Aliado,Héroe,Reprint
94,Amazonas Guerreras,Aliado,Cortesano,Héroe
KEM-130-231,Amosis II,Aliado,Cortesano,Héroe
160,Anceo,Aliado,Vasallo,Héroe
ACR-154-225,Andrew de Moray,Aliado,Vasallo,Héroe
TAS-107-200,Anganamón,Aliado,Cortesano,Héroe
RA - 115/260,Angantyr,Aliado,Cortesano,Héroe
EDICIÓN ANIVERSARIO - 9/18,Aníbal,Aliado,Héroe,Carlos Herrera
DGO-142-200,"Ann Putman, JR.",Aliado,Vasallo,Héroe
PI - 39/240,Anne Bonny,Aliado,Real,Héroe
BA - 93/260,Anthemius,Aliado,Cortesano,Héroe
VE - 122/180,Aonikenk,Aliado,Vasallo,Héroe
TAS-047-200,Aónikenk,Aliado,Real,Héroe
IV - 40/240,Aquiles,Aliado,Real,Héroe
27,Aquiles,Aliado,Real,Héroe
IV - 3/240 SP,Aquiles - SP,Aliado,Real SP,Héroe
LD2-34-63,Aristóteles,Aliado,Real,Héroe
17,Aristóteles,Aliado,Real,Héroe
ACR-155-225,Arnaud de Cervole,Aliado,Vasallo,Héroe
RA - 200/260,Arngrim,Aliado,Vasallo,Héroe
DO-122-236,Arnold Von Winkelried,Aliado,Cortesano,Héroe
DN - 114/140,Arquero Turco,Aliado,Vasallo,Héroe
BA - 177/260 II,Arsenio,Aliado,Vasallo,Héroe
BA - 177/260,Arsenio,Aliado,Vasallo,Héroe
157,Atalanta,Aliado,Vasallo,Héroe
IV - 115/240,Atenades de Traquia,Aliado,Cortesano,Héroe
BA - 8/260,Atila,Aliado,Real,Héroe
MG-108-128,Audr,Aliado,Vasallo,Héroe
CTP-22-30,Auguste Dupin,Aliado,Ultra Real,Héroe
PI - 181/240,Awilda,Aliado,Vasallo,Héroe
ESC-206-300,Ayar Cachi,Aliado,Cortesano,Héroe
AG-081-236,Balder Odínson,Aliado,Cortesano,Héroe
TAS-214-200,Bandido Neira,Aliado,Mega Real,Héroe
CID-046-215,Barones de la Fama,Aliado,Real,Héroe
PI - 36/240,Bartholomew Roberts,Aliado,Real,Héroe
EXP-119-146,Bartolomé Díaz,Aliado,Vasallo,Héroe
DN - 29/140,Battuta,Aliado,Real,Héroe
DN - 5/140 SP,Battuta - SP,Aliado,Real SP,Héroe
AYD-025-200,Beatriz Portinari,Aliado,Mega Real,Héroe
98,Belerofonte,Aliado,Cortesano,Héroe
BA - 11/260,Belisario,Aliado,Real,Héroe
HGR-018-100,Bella Durmiente,Aliado,Ultra Real,Héroe
HGR-046-100,Belleza,Aliado,Real,Héroe
GJ - 17/236,Ben Zaa,Aliado,Real,Héroe
TI2-05-60,Benvolio,Aliado,Real,Héroe
HE - 140/175,Benwulf,Aliado,Vasallo,Héroe
MG-006-128,Beouwulf Gauta,Aliado,Mega Real,Héroe
CMP 114-121,Beovulfo,Aliado,Promocional,Héroe
VK - 34/220,Beowulf el Gauta,Aliado,Real,Héroe
DN - 113/140,Beréberes,Aliado,Vasallo,Héroe
ACR-051-225,Bertrand de Guesclin,Aliado,Real,Héroe
DGO-106-200,Betty Parris,Aliado,Cortesano,Héroe
RA - 36/260,Björn Ironside,Aliado,Real,Héroe
AYD-056-200,Blake,Aliado,Real,Héroe
HGR-052-100,Blanca Nieves,Aliado,Ultra Real,Héroe
CAM-013-236,Bridei I,Aliado,Mega Real,Héroe
GJ - 165/236 II,Bruja de la Selva,Aliado,Vasallo,Héroe
GJ - 165/236,Bruja de la Selva,Aliado,Vasallo,Héroe
AG-151-236,Brunilda,Aliado,Vasallo,Héroe
AI-078-227,Bruto,Aliado,Cortesano,Héroe
VK - 33/220,Brynhildr,Aliado,Real,Héroe
MG-109-128,Budli,Aliado,Vasallo,Héroe
IM - 121/238,Cakixia,Aliado,Cortesano,Héroe
GJ - 88/236 II,Cakixia,Aliado,Cortesano,Héroe
GJ - 88/236,Cakixia,Aliado,Cortesano,Héroe
93,Calais y Cetes,Aliado,Cortesano,Héroe
246,Calígula,Aliado,Cortesano,Héroe
AYD-058-200,Caminante,Aliado,Real,Héroe
GJ - 90/236,Caminante,Aliado,Cortesano,Héroe
HE - 138/175,Caminante Azul,Aliado,Vasallo,Héroe
XP 05-10,Campeón Chatria,Aliado,Héroe,Álvaro Estrada
DN - 72/140,Campeón Sassanida,Aliado,Cortesano,Héroe
HE - 42/175,Camulus,Aliado,Real,Héroe
PI - 108/240,Capitán Bourmano,Aliado,Cortesano,Héroe
PI - 43/240,Capitán Misson,Aliado,Real,Héroe
TR - 25/36,Capitán Misson - SP,Aliado,Real SP,Héroe
ACR-016-225,Carlos VII,Aliado,Mega Real,Héroe
24,Castor,Aliado,Real,Héroe
AYD-113-200,Catón el Joven,Aliado,Cortesano,Héroe
VE - 6/180,Caupolicán,Aliado,Real,Héroe
BA - 95/260,Caza Recompensas,Aliado,Cortesano,Héroe
BA - 94/260 II,Cazador de Demonios,Aliado,Cortesano,Héroe
BA - 94/260,Cazador de Demonios,Aliado,Cortesano,Héroe
GJ - 162/236,Cazador de Serpientes,Aliado,Vasallo,Héroe
VE - 64/180,Cazador Yagan,Aliado,Cortesano,Héroe
VE - 7/180,Cazador Yanomami,Aliado,Real,Héroe
HGR-001-100,Cenicienta,Aliado,Ultra Real,Héroe
AI-133-227,Centurión,Aliado,Vasallo,Héroe
TAS-046-200,Cénuke,Aliado,Real,Héroe
CRPB-64-72,César Augusto,Aliado,Reprint Imperio,
CA-029-128,César Augusto,Aliado,Milenaria,Héroe
LD2-47-63,César Augusto,Aliado,Real,Héroe
239,César Augusto,Aliado,Real,Héroe
GJ - 91/236,Chamán,Aliado,Cortesano,Héroe
PI - 109/240,Charlotte de Berry,Aliado,Cortesano,Héroe
TAS-152-200,Chonos,Aliado,Vasallo,Héroe
KA - 109/140,Chüai,Aliado,Vasallo,Héroe
KEL-106-200,Cian,Aliado,Cortesano,Héroe
TR - 142/190 V,Clara Immerwahr,Aliado,Vasallo,Naturaleza
ESC-207-300,Claudio,Aliado,Cortesano,Héroe
AI-079-227,Claudio,Aliado,Cortesano,Héroe
IV - 190/240,Cleomenes III,Aliado,Vasallo,Héroe
BA - 91/260,Comandante Bizantino,Aliado,Cortesano,Héroe
TR - 65/190 C,Combatientes del Infierno,Aliado,Cortesano,Divinidad
AI-077-227,Cómodo,Aliado,Cortesano,Héroe
KEL-020-200,Conall Cernach,Aliado,Mega Real,Héroe
HGR-027-100,Confiable John,Aliado,Real,Héroe
CAM-064-236,Constantine,Aliado,Real,Héroe
CRPB-66-72,Constantino,Aliado,Reprint Imperio,
CO - 51/128,Constantino,Aliado,Cortesano,Héroe
245,Constantino,Aliado,Cortesano,Héroe
AYD-157-200,Constanza,Aliado,Vasallo,Héroe
GJ - 163/236,Contador de Estrellas,Aliado,Vasallo,Héroe
PI - 182/240,Cord Widderich,Aliado,Vasallo,Héroe
HE - 43/175,Cormac mac Airt,Aliado,Real,Héroe
AI-135-227,Cornelia,Aliado,Vasallo,Héroe
CR - 26/140,Cornelius Essex,Aliado,Real,Héroe
TR - 29/190 R,Coronel Koudasheva,Aliado,Real,Naturaleza
IV - 191/240,Creso,Aliado,Vasallo,Héroe
EXP-049-146,Cristóbal Colón,Aliado,Real,Héroe
DGO-001-200,Crowley,Aliado,Ultra Real,Héroe / Sacerdote
KEL-046-200,Cú Roí,Aliado,Real,Héroe
SPK-04-71,Cuasimodo,Aliado,Real,Héroe
KEL-003-200,Cúchulainn,Aliado,Ultra Real,Héroe
KEL-194-200,Cúchulainn,Aliado,Legendaria,Héroe
CAM-065-236,Culhwch,Aliado,Real,Héroe
AYD-158-200,Cunizza,Aliado,Vasallo,Héroe
VE - 125/180,Curandera Quichua,Aliado,Vasallo,Héroe
CAM-124-236,Cynan,Aliado,Cortesano,Héroe
19,Dafne,Aliado,Real,Héroe
AG-149-236,Dama Escudera,Aliado,Vasallo,Héroe
AYD-005-200,Dante Alighieri (Coleccionista),Aliado,Ultra Real,Héroe
CR - 113/140,David Herriot,Aliado,Vasallo,Héroe
KEL-047-200,Deirdre,Aliado,Real,Héroe
IV - 39/240,Dienekes,Aliado,Real,Héroe
AI-130-227,Dioclesiano,Aliado,Vasallo,Héroe
OL-109-240,Diomedes,Aliado,Cortesano,Héroe
KEM-184-231,Doble Halcón,Aliado,Vasallo,Héroe
TEM-112-128,Dobrynya Nikitich,Aliado,Vasallo,Héroe
LGO-064-230,Doctor Illuminatus,Aliado,Real,Héroe
TAS-020-200,Domo,Aliado,Mega Real,Héroe
SPK-11-71,Dorian Grey,Aliado,Cortesano,Héroe
HGR-089-100,Dos Hermanos,Aliado,Real,Héroe
OL-172-240,Eco,Aliado,Vasallo,Héroe
CTP-01-30,Edgar Allan Poe,Aliado,Ultra Real,Héroe
OL-110-240,Edipo,Aliado,Cortesano,Héroe
26,Edipo,Aliado,Real,Héroe
TR - 109/190 C,Edith Cavell,Aliado,Cortesano,Civilización
PI - 41/240,Edward England,Aliado,Real,Héroe
PI - 37/240,"Edward Teach ""Barbanegra""",Aliado,Real,Héroe
AG-011-236,Einherjar,Aliado,Milenaria,Héroe
AG-029-236,Einherjar,Aliado,Real,Héroe
VK - 95/220,Einherjar,Aliado,Cortesano,Héroe
HE - 45/175,Eiríkr Hákonarson,Aliado,Real,Héroe
AYD-060-200,El Ciego,Aliado,Real,Héroe
TR - 108/190 C,El Último Boyscout,Aliado,Cortesano,Civilización
HE - 96/175,Electra,Aliado,Cortesano,Héroe
CR - 70/140,Elizabeth Shirland,Aliado,Cortesano,Héroe
TAS-048-200,El-lal,Aliado,Real,Héroe
TR - 26/190 R,Enver Pachá,Aliado,Real,Naturaleza
97,"Epicúreo, el Sabio",Aliado,Cortesano,Héroe
VK - 92/220,Erik el Rojo,Aliado,Cortesano,Héroe
AI-040-227,Escipión el Africano,Aliado,Real,Héroe
CRPB-62-72,Espartaco,Aliado,Reprint Imperio,
IM - 44/238,Espartaco,Aliado,Real,Héroe
CO - 8/128,Espartaco,Aliado,Real,Héroe
LD2-06-63,Espartaco,Aliado,Premium Foil,Héroe
238,Espartaco,Aliado,Real,Héroe
IV - 192/240,Esquilo,Aliado,Vasallo,Héroe
KEL-105-200,Ethniu,Aliado,Cortesano,Héroe
IV - 38/240,Euribiades,Aliado,Real,Héroe
GJ - 166/236,Explorador,Aliado,Vasallo,Héroe
GJ - 15/236,Eztli,Aliado,Real,Héroe
149,Falange,Aliado,Vasallo,Héroe
PI - 187/240,Fanny Campbell,Aliado,Vasallo,héroe
156,Felipo,Aliado,Vasallo,Héroe
KEL-050-200,Ferdiad,Aliado,Real,Héroe
ESC-091-300,Fereydun I,Aliado,Milenaria,Héroe
CR-121,Fereydun I,Aliado,Héroe,Reprint
CMC-003,Fergus,Aliado,Héroe,Nitrox
EXP-028-146,Fergus de Ulster,Aliado,Mega Real,Héroe
KEL-021-200,Fergus mac Róich,Aliado,Mega Real,Héroe
IV - 113/240,Filipedes,Aliado,Cortesano,Héroe
KEL-150-200,Findabair,Aliado,Vasallo,Héroe
DO-065-236,Flamel,Aliado,Real,Héroe
AYD-057-200,Francesco,Aliado,Real,Héroe
AG-027-236,Frey,Aliado,Real,Héroe
VK - 32/220,Freydis,Aliado,Real,Héroe
VK - 6/220 SP,Freydis - SP,Aliado,Real SP,Héroe
AG-087-236,Frigg,Aliado,Cortesano,Héroe
BA - 175/260,Fuerzas de Choque,Aliado,Vasallo,Héroe
AG-156-236,Fulla,Aliado,Vasallo,Héroe
TR - 15/190 R,Gabrielle Petit,Aliado,Real,Divinidad
AYD-112-200,Galeno,Aliado,Cortesano,Héroe
MG-070-128,Gandalf Alfgeirsson,Aliado,Cortesano,Héroe
AG-082-236,Gefjun,Aliado,Cortesano,Héroe
KA - 29/140,Gemmei,Aliado,Real,Héroe
GJ - 92/236,General Itztli,Aliado,Cortesano,Héroe
BA - 9/260,Genseric,Aliado,Real,Héroe
HGR-093-100,Gepetto,Aliado,Real,Héroe
ESC-140-300,Gerard van Swieten,Aliado,Real,Héroe
LGO-063-230,Gerard van Swieten,Aliado,Real,Héroe
HGR-079-100,Gerda,Aliado,Ultra Real,Héroe
CRPB-67-72,Gladiador,Aliado,Reprint Imperio,
CO - 100/128,Gladiador,Aliado,Vasallo,Héroe
258,Gladiador,Aliado,Vasallo,Héroe
AG-155-236,Gná,Aliado,Vasallo,Héroe
VK - 96/220,Göndul,Aliado,Cortesano,Héroe
CID-149-215,Gonzalo Núñez,Aliado,Vasallo,Héroe
IV - 194/240,Gorgo,Aliado,Vasallo,Héroe
CS - 210/260,Go-Yozei,Aliado,Vasallo,Héroe
LGO-185-230,Grace O'Malley,Aliado,Vasallo,Héroe
PI - 38/240,Grace O'Malley,Aliado,Real,Héroe
DGO-051-200,Grenville,Aliado,Real,Héroe
BA - 90/260,Grodlon,Aliado,Cortesano,Héroe
TAS-050-200,Guacolda,Aliado,Real,Héroe
VE - 9/180,Guaraní,Aliado,Real,Héroe
GJ - 161/236,Guardián Maya,Aliado,Vasallo,Héroe
HE - 179/175,Guerrero Parto,Aliado,Promocional,Héroe
VK - 172/220,Gunnr,Aliado,Vasallo,Héroe
AG-153-236,Gunvara,Aliado,Vasallo,Héroe
VK - 165/220,Gunvara,Aliado,Vasallo,Héroe
DN - 115/140,Gushtasp,Aliado,Vasallo,Héroe
CTL-01-30,H.P. Lovecraft,Aliado,Ultra Real,Héroe
MG-069-128,Halga,Aliado,Cortesano,Héroe
HGR-077-100,Hansel y Gretel,Aliado,Ultra Real,Héroe
CS - 58/260,Haohmaru Musashi,Aliado,Real,Héroe
VK - 169/220,Harald Diente Azul,Aliado,Vasallo,Héroe
VK - 31/220,Harald Hardrada,Aliado,Real,Héroe
VK - 5/220 SP,Harald Hardrada - SP,Aliado,Real SP,Héroe
KEM-062-231,Hatshepsut,Aliado,Real,Héroe
GJ - 164/236,Hechicero Azul,Aliado,Vasallo,Héroe
CRPB-69-72,Héctor,Aliado,Reprint Helénica,
95,Héctor,Aliado,Cortesano,Héroe
IV - 41/240,Héctor de Troya,Aliado,Real,Héroe
TV-01-09,Heidrek,Aliado,Héroe,JP Aguirre
AG-028-236,Heimdall el Vigía,Aliado,Real,Héroe
OL-060-240,Helena,Aliado,Real,Héroe
153,Helena,Aliado,Vasallo,Héroe
MG-067-128,Helgi,Aliado,Cortesano,Héroe
CR - 27/140,Henry Every,Aliado,Real,Héroe
14,Heracles,Aliado,Real,Héroe
OL-009-240,Herácles,Aliado,Ultra Real,Héroe
OL-245-240,Herácles,Aliado,Legendaria,Héroe
EDICIÓN ANIVERSARIO - 1/18,Hércvles,Aliado,Héroe,Giye
EXP-092-146,Hermanos Pinzón,Aliado,Cortesano,Héroe
CRPB-72-72,Héroes,Oro,Nueva - MYL,
TR - 139/190 V,Héroes Australianos,Aliado,Vasallo,Naturaleza
GJ - 16/236,Héroes Gemelos,Aliado,Real,Héroe
158,Hilas,Aliado,Vasallo,Héroe
VK - 36/220,Hildr,Aliado,Real,Héroe
KA - 28/140,Himiko,Aliado,Real,Héroe
IV - 116/240,Hipolita,Aliado,Cortesano,Héroe
AG-086-236,Hjalmar,Aliado,Cortesano,Héroe
AG-083-236,Hoder el Ciego,Aliado,Cortesano,Héroe
VE - 124/180,Hombre Tiwanaku,Aliado,Vasallo,Héroe
100,Homero,Aliado,Cortesano,Héroe
KA - 70/140,Hoori,Aliado,Cortesano,Héroe
MG-068-128,Hothbrodd,Aliado,Cortesano,Héroe
TAS-205-200,Hotu Matu'a,Aliado,Real,Héroe
PI - 110/240,Howell Davies,Aliado,Cortesano,Héroe
KA - 111/140,Hozoin Kakuzenbo,Aliado,Vasallo,Héroe
MG-105-128,Hrolfr Kraki,Aliado,Vasallo,Héroe
SOL-045-232,Hunahpú,Aliado,Real,Héroe
CRPB-68-72,Idmón el Adivino,Aliado,Reprint Helénica,
ECO - 70/150,Idmón el Adivino,Aliado,Cortesano,Héroe
CO - 63/128,Idmón el Adivino,Aliado,Cortesano,Héroe
92,Idmón el Adivino,Aliado,Cortesano,Héroe
RA - 201/260,Ikjalmar,Aliado,Vasallo,Héroe
CID-103-215,Infantes de Lara,Aliado,Cortesano,Héroe
VK - 162/220,Inuk,Aliado,Vasallo,Héroe
SPK-13-71,Invisible,Aliado,Cortesano,Héroe
GJ - 87/236,Iqi Balam,Aliado,Cortesano,Héroe
ACR-052-225,Isabela de Francia,Aliado,Real,Héroe
CAM-125-236,Isolda de Irlanda,Aliado,Cortesano,Héroe
CR - 112/140,Israel Hands,Aliado,Vasallo,Héroe
CS - 134/260,Issun Boshi,Aliado,Cortesano,Héroe
DO-066-236,Iván el Terrible,Aliado,Real,Héroe
LGO-125-230,Iván Tsarevich,Aliado,Cortesano,Héroe
VK - 170/220,Ivar sin Hueso,Aliado,Vasallo,Héroe
ESC-141-300,Ixbalanqué,Aliado,Real,Héroe
SOL-046-232,Ixbalanqué,Aliado,Real,Héroe
OL-171-240,Jacinto,Aliado,Vasallo,Héroe
CR-120,Jaja de Opobo,Aliado,Héroe,Reprint
LGO-126-230,Jak Zizka,Aliado,Cortesano,Héroe
CR - 28/140,Jane de Belleville,Aliado,Real,Héroe
TAS-105-200,Janequeo,Aliado,Cortesano,Héroe
18,Jason,Aliado,Real,Héroe
OL-025-240,Jasón,Aliado,Mega Real,Héroe
PI - 112/240,Jean Florin,Aliado,Cortesano,Héroe
PI - 114/240,Jean Lafitte,Aliado,Cortesano,Héroe
PI - 186/240,John Davis,Aliado,Vasallo,Héroe
DO-067-236,John Dee,Aliado,Real,Héroe
AYD-024-200,John Milton,Aliado,Mega Real,Héroe
CR - 69/140,John Morris,Aliado,Cortesano,Héroe
DGO-052-200,John Proctor,Aliado,Real,Héroe
PI - 40/240,John Rackham,Aliado,Real,Héroe
TR - 13/190 R,Joseph Joffre,Aliado,Real,Divinidad
AYD-059-200,Josué,Aliado,Real,Héroe
EXP-090-146,Juan Sebastián Elcano,Aliado,Cortesano,Héroe
ACR-110-225,Juan Sin Miedo,Aliado,Cortesano,Héroe
CS - 56/260,Jubei,Aliado,Real,Héroe
TI2-02-60,Julieta,Aliado,Real,Héroe
CMC-011,Julio César,Aliado,Héroe,Nitrox
APB-06-12,Julio César,Aliado,Héroe,Real
CRPB-63-72,Julio César,Aliado,Reprint Imperio,
AI-039-227,Julio César,Aliado,Real,Héroe
IM - 46/238,Julio César,Aliado,Real,Héroe
CO - 22/128,Julio César,Aliado,Real,Héroe
237,Julio César,Aliado,Real,Héroe
BA - 10/260,Justiniano I,Aliado,Real,Héroe
DN - 30/140,Kamaralzaman,Aliado,Real,Héroe
VE - 68/180,Karana,Aliado,Cortesano,Héroe
LGO-124-230,Katalin,Aliado,Cortesano,Héroe
CS - 135/260,Kato Kiyosama,Aliado,Cortesano,Héroe
VE - 65/180,Kaweshkar,Aliado,Cortesano,Héroe
KEM-064-231,Kefrén,Aliado,Real,Héroe
KEM-129-231,Keops,Aliado,Cortesano,Héroe
PI - 180/240,Klaus Stortebeker,Aliado,Vasallo,Héroe
LGO-187-230,Klepht,Aliado,Vasallo,Héroe
VE - 123/180,Kolla,Aliado,Vasallo,Héroe
CS - 211/260,Konoe,Aliado,Vasallo,Héroe
IV - 114/240,Kriatos,Aliado,Cortesano,Héroe
TAS-003-200,Kuanip,Aliado,Ultra Real,Héroe
TAS-194-200,Kuanip,Aliado,Legendaria,Héroe
HE - 141/175,Kunoichi,Aliado,Vasallo,Héroe
CS - 136/260,Kusunoki Masashige,Aliado,Cortesano,Héroe
VE - 66/180,La Añañuca,Aliado,Cortesano,Héroe
ACR-109-225,La Hire,Aliado,Cortesano,Héroe
TI2-32-60,Lady Marian,Aliado,Real,Héroe
KEL-151-200,Láeg,Aliado,Vasallo,Héroe
GJ - 89/236 II,Lancandon,Aliado,Cortesano,Héroe
GJ - 89/236,Lancandon,Aliado,Cortesano,Héroe
VK - 163/220,Lathgertha,Aliado,Vasallo,Héroe
PI - 185/240,Laurens de Graff,Aliado,Vasallo,Héroe
VE - 8/180,Lautaro,Aliado,Real,Héroe
TR - 50/190 R,Lawrence de Arabia,Aliado,Real,Civilización
OL-170-240,Layo,Aliado,Vasallo,Héroe
256,Legionario,Aliado,Vasallo,Héroe
VK - 166/220,Leif Eirikson,Aliado,Vasallo,Héroe
RA - 116/260,Leif Eriksson,Aliado,Cortesano,Héroe
DGO-053-200,León Rojo,Aliado,Real,Héroe
CID-045-215,Leonardo,Aliado,Real,Héroe
ESC-001-300,Leonardo,Aliado,Legendaria,Héroe
LAI-03-09,Leonardo,Aliado,Legendaria,Héroe
DO-010-236,Leonardo,Aliado,Ultra Real,Héroe
DGO-054-200,Leonardo Eterno,Aliado,Real,Héroe
CRPB-70-72,Leónidas,Aliado,Nueva - Genzo,
IV - 1/240 UR,Leónidas,Aliado,Ultra Real,"Héroe
Defensor"
TR - 25/190 R,Lewis McGee,Aliado,Real,Naturaleza
HO - 115/150,Libertador Ming,Aliado,Vasallo,Héroe
TAS-150-200,Licarayén,Aliado,Vasallo,Héroe
TAS-106-200,Lientur el Duende,Aliado,Cortesano,Héroe
TAS-021-200,Lituche,Aliado,Mega Real,Héroe
DGO-008-200,Lord Byron,Aliado,Ultra Real,Caballero / Héroe
PI - 244/240,Lord John Silver,Aliado,Promocional,Héroe
DO-177-236,Lucrecia,Aliado,Vasallo,Héroe
161,Lycaón,Aliado,Vasallo,Héroe
155,Maestro de Armas,Aliado,Vasallo,Héroe
EXP-050-146,Magallanes,Aliado,Real,Héroe
PI - 113/240,Magister Wigbold,Aliado,Cortesano,Héroe
BA - 174/260,Magistrado,Aliado,Vasallo,Héroe
MG-011-128,Magnus III,Aliado,Milenaria,Héroe
MG-028-128,Magnus III,Aliado,Real,Héroe
VK - 161/220,Magnus III,Aliado,Vasallo,Héroe
BA - 92/260,Magnus Maximus,Aliado,Cortesano,Héroe
AG-080-236,Máni,Aliado,Cortesano,Héroe
CRPB-61-72,Marco Antonio,Aliado,Reprint Encrucijada,
IM - 45/238,Marco Antonio,Aliado,Real,Héroe
240 - 364 II,Marco Antonio,Aliado,Real,Héroe
240,Marco Antonio,Aliado,Real,Héroe
CR-114,Marco Antonio SP,Aliado,Héroe,Reprint
AI-041-227,Marco Aurelio,Aliado,Real,Héroe
EXP-001-146,Marco Polo,Aliado,Ultra Real,Héroe
EXP-147,Marco Polo,Aliado,Legendaria,Héroe
DO-039-236,Marco Polo,Aliado,Milenaria,Héroe
DO-064-236,Marco Polo,Aliado,Real,Héroe
HGR-048-100,Marqués de Carabas,Aliado,Real,Héroe
DGO-141-200,Martha Corey,Aliado,Vasallo,Héroe
PI - 42/240,Mary Read,Aliado,Real,Héroe
DN - 70/140,Marzabán,Aliado,Cortesano,Héroe
CS - 57/260,Masamune,Aliado,Real,Héroe
TR - 153/190 V,Max Valentiner,Aliado,Vasallo,Oscuridad
HE - 142/175,McBeth,Aliado,Vasallo,Héroe
152,Medea,Aliado,Vasallo,Héroe
LGO-186-230,Melchior Cibinensis,Aliado,Vasallo,Héroe
CO - 98/128,Meleagro,Aliado,Vasallo,Héroe
147,Meleagro,Aliado,Vasallo,Héroe
CO - 92/128,Mercenario Hoplita,Aliado,Vasallo,Héroe
LD2-41-63,Mercenario Hoplita,Aliado,Vasallo,Héroe
150,Mercenario Hoplita,Aliado,Vasallo,Héroe
TI2-06-60,Mercucio,Aliado,Real,Héroe
KEM-185-231,Merneptah,Aliado,Vasallo,Héroe
KEM-063-231,Micerino,Aliado,Real,Héroe
CR - 68/140,Miguel Henríquez,Aliado,Cortesano,Héroe
KEL-049-200,Míl Espáine,Aliado,Real,Héroe
IV - 244/240,Milcíades,Aliado,Promo,Héroe
TAS-049-200,Millalicán,Aliado,Real,Héroe
KA - 110/140,Minamoto no Hiromasa,Aliado,Vasallo,Héroe
KA - 71/140,Minamoto no Tametomo,Aliado,Cortesano,Héroe
CS - 2/260 UR,Minamoto no Yoritomo,Aliado,Ultra Real,Héroe
TR - 24/190 R,Mitsuomi Kamio,Aliado,Real,Naturaleza
ESC-208-300,Moctezuma I,Aliado,Cortesano,Héroe
ACR-208-225,Moray,Aliado,Real,Héroe
CR-113,Moremi Ajasoro,Aliado,Héroe,Reprint
KNJ-247,Moremi Ajasoro,Aliado,Legendaria,Heroe
TI2-50-60,Much,Aliado,Vasallo,Héroe
CID-147-215,Muniadona de Lara,Aliado,Vasallo,Héroe
SOL-144-232,Nanabozho,Aliado,Vasallo,Heroe
OL-169-240,Narciso,Aliado,Vasallo,Héroe
KEM-132-231,Narmer,Aliado,Cortesano,Héroe
CTP-21-30,Narrador,Aliado,Real,Héroe
KEL-152-200,Nemed,Aliado,Vasallo,Héroe
SPK-10-71,Nemo,Aliado,Cortesano,Héroe
GJ - 18/236,Nenetl,Aliado,Real,Héroe
247,Nerón,Aliado,Cortesano,Héroe
DGO-023-200,Newton,Aliado,Mega Real,Héroe
TR - 66/190 C,Nicolai Yudénich,Aliado,Cortesano,Divinidad
EXP-118-146,Nicolás Polo,Aliado,Vasallo,Héroe
HGR-012-100,Niñas del Bosque,Aliado,Real,Héroe
AG-030-236,Njord,Aliado,Real,Héroe
AI-136-227,Octavia la Menor,Aliado,Vasallo,Héroe
AI-017-227,Octavio,Aliado,Mega Real,Héroe
CR-115,Odiseo,Aliado,Héroe,Reprint
OL-026-240,Odiseo,Aliado,Mega Real,Héroe
CS - 208/260,Okiku,Aliado,Vasallo,Héroe
VK - 164/220,Olaf Tryggvason,Aliado,Vasallo,Héroe
EXP-117-146,Olaus Magnus,Aliado,Vasallo,Héroe
IM - 199/238,Olger el Danés,Aliado,Vasallo,Héroe
PI - 183/240,Olivier Van Noort,Aliado,Vasallo,Héroe
CAM-185-236,Olwen,Aliado,Vasallo,Héroe
CID-146-215,Omar ben Hafsún,Aliado,Vasallo,Héroe
CS - 54/260,Ōnamuji,Aliado,Real,Héroe
CS - 137/260,Onna Gugeisha,Aliado,Cortesano,Héroe
HE - 93/175,Orestes,Aliado,Cortesano,Héroe
OL-059-240,Orfeo,Aliado,Real,Héroe
20,Orfeo,Aliado,Real,Héroe
CRPB-71-72,Orión,Aliado,Nueva - Genzo,
CID-047-215,Otger Cataló,Aliado,Real,Héroe
LGO-065-230,Pacala,Aliado,Real,Héroe
148,Pandora,Aliado,Vasallo,Héroe
ESC-046-300,Paracelso,Aliado,Mega Real,Héroe
CMP 013-121,Paracelso,Aliado,Mega Real,Héroe
DO-025-236,Paracelso,Aliado,Mega Real,Héroe
21,Paris,Aliado,Real,Héroe
IV - 118/240,Paris de Troya,Aliado,Cortesano,Héroe
CR-123,Patroclo,Aliado,Héroe,Reprint
OL-111-240,Patroclo,Aliado,Cortesano,Héroe
IV - 117/240,Pausanias,Aliado,Cortesano,Héroe
CAM-186-236,Pellinore,Aliado,Vasallo,Héroe
23,Penélope,Aliado,Real,Héroe
HGR-035-100,Pequeña Capa Roja,Aliado,Ultra Real,Héroe
TR - 124/190 V,Pequeño Héroe,Aliado,Vasallo,Divinidad
DO-124-236,Perenelle Flamel,Aliado,Cortesano,Héroe
88,Pericles,Aliado,Cortesano,Héroe
OL-173-240,Peritoo,Aliado,Vasallo,Héroe
OL-057-240,Perseo,Aliado,Real,Héroe
IV - 42/240,Perseo,Aliado,Real,Héroe
SPK-64-71,Peter Pan,Aliado,Promocional,Héroe
AYD-111-200,Pia de Tolomei,Aliado,Cortesano,Héroe
90,Platón,Aliado,Cortesano,Héroe
25,Pólux,Aliado,Real,Héroe
AI-134-227,Pompeyo,Aliado,Vasallo,Héroe
EXP-047-146,Ponce de León,Aliado,Real,Héroe
AI-137-227,Popea Sabina,Aliado,Vasallo,Héroe
SOL-148-232,Porasy,Aliado,Vasallo,Heroe
VE - 126/180,Porasy,Aliado,Vasallo,Héroe
AI-132-227,Pretoriano,Aliado,Vasallo,Héroe
257,Pretoriano,Aliado,Vasallo,Héroe
IM - 120/238,Pridery,Aliado,Cortesano,Héroe
HGR2-52-60,Princesa de Plata,Aliado,Real,Héroe
HGR2-41-60,Princesa Generosa,Aliado,Real,Héroe
CS - 55/260,Princesa Yakami,Aliado,Real,Héroe
GJ - 14/236,Príncipe Olmeca,Aliado,Real,Héroe
PK - 3/6,Príncipe Olmeca,Aliado,Premium Foil,Héroe
CTP-11-30,Prisionero de Guerra,Aliado,Ultra Real,Héroe
99,Ptolomeo,Aliado,Cortesano,Héroe
DO-176-236,Pulcinela,Aliado,Vasallo,Héroe
TAS-151-200,Quitralpique,Aliado,Vasallo,Héroe
ESC-261-300,Rafael,Aliado,Vasallo,Héroe
DO-178-236,Rafael,Aliado,Vasallo,Héroe
VK - 97/220,Ragnar Lodbrok,Aliado,Cortesano,Héroe
MG-030-128,Ragnhild,Aliado,Real,Héroe
KEM-008-231,Ramsés Meriamón,Aliado,Ultra Real,Héroe
MG-106-128,Randver,Aliado,Vasallo,Héroe
HGR-025-100,Rapunzel,Aliado,Real,Héroe
BA - 14/260,Recaredo,Aliado,Real,Héroe
DN - 71/140,Reina Dihja,Aliado,Cortesano,Héroe
BA - 173/260,Respendial,Aliado,Vasallo,Héroe
TI2-31-60,Robin Hood,Aliado,Real,Héroe
PI - 115/240,Roger de Flor,Aliado,Cortesano,Héroe
TI2-01-60,Romeo,Aliado,Real,Héroe
AI-002-227,Rómulo y Remo,Aliado,Ultra Real,Héroe
BA - 172/260,Romulus Augustus,Aliado,Vasallo,Héroe
154,Sacerdotisa,Aliado,Vasallo,Héroe
ESC-037-300,Sadkó,Aliado,Cortesano,Héroe
DO-123-236,Sadkó,Aliado,Cortesano,Héroe
TEM-023-128,Saladino I,Aliado,Milenaria,Héroe
TEM-046-128,Saladino I,Aliado,Real,Héroe
DGO-143-200,Sarah Good,Aliado,Vasallo,Héroe
HGR2-16-60,Sastrecillo Valiente,Aliado,Real,Héroe
KEL-048-200,Scota,Aliado,Real,Héroe
VE - 67/180,Selk'Nam,Aliado,Cortesano,Héroe
KEM-183-231,Senusret I,Aliado,Vasallo,Héroe
KEM-061-231,Seti I,Aliado,Real,Héroe
KEM-186-231,Shoshenq I,Aliado,Vasallo,Héroe
AG-150-236,Sigfried Invencible,Aliado,Vasallo,Héroe
CMP 065-121,Signy,Aliado,Cortesano,Héroe
MG-031-128,Signy,Aliado,Real,Héroe
VK - 94/220,Sigrun,Aliado,Cortesano,Héroe
VK - 35/220,Sigurd,Aliado,Real,Héroe
DN - 1/140 UR,Simbad,Aliado,Ultra Real,Héroe
HGR-073-100,Simpleton,Aliado,Real,Héroe
91,Sísifo el Hechicero,Aliado,Cortesano,Héroe
HE - 44/175,Skalla-Grimm,Aliado,Real,Héroe
HE - 5/175 SP,Skalla-Grimm - SP,Aliado,Real SP,Héroe
VK - 171/220,Sköuld,Aliado,Vasallo,Héroe
MG-029-128,Snorri,Aliado,Real,Héroe
96,Sócrates,Aliado,Cortesano,Héroe
AG-085-236,Sól,Aliado,Cortesano,Héroe
AYD-156-200,Sordello,Aliado,Vasallo,Héroe
MG-032-128,Starkad,Aliado,Real,Héroe
CR-119,Starkodder,Aliado,Héroe,Remake
CID-148-215,Subh,Aliado,Vasallo,Héroe
MG-107-128,Svafrlami,Aliado,Vasallo,Héroe
AG-152-236,Sváva,Aliado,Vasallo,Héroe
CAM-063-236,Taliesin,Aliado,Real,Héroe
★ 63,Taliesin Ben Beirdd,Aliado,Mega Real,Héroe
OL-113-240,Telémaco,Aliado,Cortesano,Héroe
CRPB-65-72,Temístocles,Aliado,Reprint Helénica,
IV - 37/240,Temístocles,Aliado,Real,Héroe
ECO - 59/150,Temístocles,Aliado,Cortesano,Héroe
CO - 50/128,Temístocles,Aliado,Cortesano,Héroe
87,Temístocles,Aliado,Cortesano,Héroe
CID-102-215,Teodosio de Goñi,Aliado,Cortesano,Héroe
BA - 13/260,"Teodosio I, El Grande",Aliado,Real,Héroe
IM - 197/238,Teseo,Aliado,Vasallo,Héroe
16,Teseo,Aliado,Real,Héroe
OL-058-240,Teseo el Egeo,Aliado,Real,Héroe
KEM-131-231,Teti,Aliado,Cortesano,Héroe
AG-154-236,Thialfi,Aliado,Vasallo,Héroe
CR - 111/140,Thomas Cocklyn,Aliado,Vasallo,Héroe
AG-002-236,Thor el Poderoso,Aliado,Ultra Real,Héroe
DN - 28/140,Thraetaona,Aliado,Real,Héroe
VK - 167/220,Thrud,Aliado,Vasallo,Héroe
AG-084-236,Thrúd,Aliado,Cortesano,Héroe
HE - 95/175,Tiberio,Aliado,Cortesano,Héroe
ESC-262-300,Tizoc,Aliado,Vasallo,Héroe
SOL-147-232,Tízoc,Aliado,Vasallo,Heroe
CS - 209/260,Tokugawa Hidetada,Aliado,Vasallo,Héroe
VK - 168/220,Tornbjorg,Aliado,Vasallo,Héroe
ESC-090-300,Torquemada,Aliado,Milenaria,Héroe
AI-076-227,Trajano,Aliado,Cortesano,Héroe
IV - 189/240,Trasibulo,Aliado,Vasallo,Héroe
VE - 10/180,Tume Arandu,Aliado,Real,Héroe
ESC-047-300,Túpac Yupanqui,Aliado,Mega Real,Héroe
KEM-023-231,Tutmosis III,Aliado,Mega Real,Héroe
AG-026-236,Tyr el Manco,Aliado,Real,Héroe
15,Ulises,Aliado,Real,Héroe
BA - 96/260,Valens,Aliado,Cortesano,Héroe
EXP-091-146,Vasco da Gama,Aliado,Cortesano,Héroe
CID-101-215,Vellido Dolfos,Aliado,Cortesano,Héroe
BA - 176/260,Vengador,Aliado,Vasallo,Héroe
AI-131-227,Vespasiano,Aliado,Vasallo,Héroe
HE - 94/175,Vespasiano,Aliado,Cortesano,Héroe
HE - 18/175 SP,Vespasiano - SP,Aliado,Real SP,Héroe
CR-118,Vidar,Aliado,Héroe,Remake
AG-005-235,Vidar Vengativo,Aliado,Mega Real,Héroe
TR - 80/190 C,Vincent Moulia,Aliado,Cortesano,Naturaleza
GJ - 13/236,Voltan,Aliado,Real,Héroe
HE - 139/175,Warcrie,Aliado,Vasallo,Héroe
HE - 23/175 SP,Warcrie - SP,Aliado,Real SP,Héroe
SPK-01-71,Watson y Holmes,Aliado,Ultra Real,Héroe
IM - 198/238,William Wallace,Aliado,Vasallo,Héroe
RA - 35/260,William Wallace,Aliado,Real,Héroe
ACR-050-225,Xaintrailles,Aliado,Real,Héroe
CR-116,Yennenga,Aliado,Héroe,Reprint
OL-112-240,Yolao,Aliado,Cortesano,Héroe
89,Yolao,Aliado,Cortesano,Héroe
BA - 178/260,Zeno,Aliado,Vasallo,Héroe
EXP-048-146,Zheng He,Aliado,Real,Héroe
AR2 23-80,Zhu Tong,Aliado,Real,Héroe
EX - 65/62,Zobeida,Aliado,Promo,Héroe